entry_time,exit_time,side,entry_price,stop_price,tp1_price,tp2_price,tp1_hit,net_pnl,exit_reason,regime,bars_held,mfe_pct
2025-11-05 22:45:00+00:00,2025-11-05 23:15:00+00:00,short,0.7806095000000001,0.7817977658149199,0.7715000000000001,0.764,False,-15.140970528811543,stop_loss,ranging,1,0.28645919095450295
2025-11-06 00:30:00+00:00,2025-11-06 01:15:00+00:00,long,0.7613805,0.7590945158715194,0.7725,0.783,False,-23.818568421970262,stop_loss,ranging,2,0.5053734430504991
2025-11-06 05:30:00+00:00,2025-11-06 06:00:00+00:00,long,0.7473734999999999,0.749096345309709,0.7615000000000001,0.771,False,7.669215137260778,stop_loss,ranging,1,-0.026439670123520442
2025-11-06 08:30:00+00:00,2025-11-06 09:00:00+00:00,long,0.7373685,0.7382546462106703,0.755,0.769,False,1.1870863941138412,stop_loss,ranging,1,0.14924992201457649
2025-11-07 05:00:00+00:00,2025-11-07 05:30:00+00:00,short,0.761619,0.7606807123980951,0.742,0.727,False,1.375561191679047,stop_loss,ranging,1,0.28640603496610556
2025-11-07 10:45:00+00:00,2025-11-07 11:15:00+00:00,long,0.7393694999999999,0.7354049716498371,0.756,0.773,False,-23.37382973009542,stop_loss,ranging,1,-0.022218213523340205
2025-11-07 14:45:00+00:00,2025-11-07 15:15:00+00:00,short,0.755622,0.757917511610876,0.733,0.713,False,-23.610363422788684,stop_loss,ranging,1,0.38113340995491146
2025-11-08 10:45:00+00:00,2025-11-08 11:15:00+00:00,short,0.8145924999999999,0.8123584144859618,0.7915000000000001,0.775,False,10.070835755787217,stop_loss,ranging,1,0.24217819638410418
2025-11-08 14:00:00+00:00,2025-11-08 15:45:00+00:00,long,0.7913955,0.78570995770362,0.806,0.822,False,-22.02126667604961,stop_loss,ranging,6,0.9315279537128968
2025-11-08 20:45:00+00:00,2025-11-08 21:45:00+00:00,short,0.8005995000000001,0.8044015862299885,0.791,0.781,False,-23.165005602495203,stop_loss,ranging,3,0.6874837231105815
2025-11-09 02:30:00+00:00,2025-11-09 03:00:00+00:00,long,0.7813905,0.7870124008225144,0.801,0.812,False,16.252119184220675,stop_loss,ranging,1,0.13307325530992808
2025-11-09 09:45:00+00:00,2025-11-09 10:15:00+00:00,long,0.768384,0.7681867799611164,0.78,0.789,False,-7.181647806007056,stop_loss,ranging,1,-0.11914600550963605
2025-11-09 12:45:00+00:00,2025-11-09 13:30:00+00:00,short,0.7916040000000001,0.7940450540567634,0.7755000000000001,0.76,False,-23.269342093499528,stop_loss,ranging,2,0.16169895678092708
2025-11-11 05:00:00+00:00,2025-11-11 05:45:00+00:00,long,0.8164079999999999,0.8122624605433609,0.837,0.857,False,-22.42772439295405,stop_loss,ranging,2,0.22299922299922437
2025-11-11 07:30:00+00:00,2025-11-11 08:00:00+00:00,long,0.802401,0.8006646172142055,0.831,0.857,False,-17.85022966536823,stop_loss,ranging,1,0.020944788279311084
2025-11-11 14:45:00+00:00,2025-11-11 18:30:00+00:00,short,0.8165915,0.8200602077442052,0.8069999999999999,0.798,True,70.16360126211934,tp1_then_tp2,ranging,14,2.6681436688734568
2025-11-11 20:00:00+00:00,2025-11-11 20:45:00+00:00,long,0.7873935,0.7839801168711894,0.802,0.816,False,-23.427859283732364,stop_loss,ranging,2,0.10998528052579726
2025-11-13 14:30:00+00:00,2025-11-13 15:00:00+00:00,long,0.7613805,0.7596650495251839,0.7735000000000001,0.784,True,123.02409057915402,tp1_then_tp2,ranging,1,2.1964189941829186
2025-11-13 16:45:00+00:00,2025-11-13 17:15:00+00:00,long,0.7493744999999999,0.7499914074969903,0.7715000000000001,0.788,False,-1.0659439842299965,stop_loss,ranging,1,0.028270547558249662
2025-11-13 19:30:00+00:00,2025-11-13 20:00:00+00:00,long,0.710355,0.7014968187662163,0.7475,0.788,False,-21.704953880205032,stop_loss,ranging,1,0.017364382824067978
2025-11-14 02:15:00+00:00,2025-11-14 02:45:00+00:00,short,0.745627,0.7443149307307727,0.716,0.692,False,4.523477865130977,stop_loss,ranging,1,0.22368110169777683
2025-11-14 04:30:00+00:00,2025-11-14 05:00:00+00:00,long,0.7073535,0.7143352576105604,0.733,0.747,False,17.83512266762864,stop_loss,ranging,1,0.2591581697307623
2025-11-14 12:00:00+00:00,2025-11-14 12:30:00+00:00,long,0.6943469999999999,0.6960877294444822,0.719,0.738,False,9.049742436699152,stop_loss,ranging,1,0.14817669249178647
2025-11-14 20:15:00+00:00,2025-11-14 20:45:00+00:00,long,0.7033514999999999,0.6978984590650958,0.714,0.726,False,-22.712066244097077,stop_loss,ranging,1,0.06090059632812585
2025-11-15 20:45:00+00:00,2025-11-15 21:45:00+00:00,long,0.6933464999999999,0.6918775881849639,0.7035,0.713,False,-18.61127070101825,stop_loss,ranging,3,0.6552912788693547
2025-11-16 00:15:00+00:00,2025-11-16 00:45:00+00:00,long,0.686343,0.6849566607628009,0.698,0.709,False,-17.853900816140257,stop_loss,ranging,1,0.22793171484944053
2025-11-16 09:45:00+00:00,2025-11-16 11:15:00+00:00,short,0.697651,0.7002137903094297,0.692,0.686,True,60.68652710047607,tp1_then_tp2,ranging,5,2.238718810829907
2025-11-17 13:00:00+00:00,2025-11-17 13:30:00+00:00,long,0.6693345,0.6718238303664295,0.6805000000000001,0.687,False,14.714704323631668,stop_loss,ranging,1,0.23872643410505354
2025-11-17 16:00:00+00:00,2025-11-17 16:30:00+00:00,long,0.6363179999999999,0.6381634696704521,0.6655,0.688,False,11.556039468825595,stop_loss,ranging,1,0.4003152628332556
2025-11-18 13:15:00+00:00,2025-11-18 13:45:00+00:00,long,0.6473234999999999,0.6455195321117855,0.654,0.66,False,-23.171639469266,stop_loss,ranging,1,0.8502209241368999
2025-11-18 15:00:00+00:00,2025-11-18 15:30:00+00:00,short,0.663668,0.6673851753277416,0.654,0.644,False,-23.79502441413433,stop_loss,ranging,1,0.06909391808026492
2025-11-18 21:45:00+00:00,2025-11-19 03:45:00+00:00,long,0.668334,0.6653275900426411,0.677,0.686,True,14.209438923778425,tp1_then_stop_loss,ranging,23,1.3461804754211841
2025-11-19 05:30:00+00:00,2025-11-19 06:00:00+00:00,long,0.638319,0.6464471415489194,0.6645000000000001,0.68,False,18.48928522084774,stop_loss,ranging,1,0.17879378175012509
2025-11-19 16:45:00+00:00,2025-11-19 17:15:00+00:00,long,0.6293145,0.6243256997644667,0.647,0.666,False,-22.807006339512892,stop_loss,ranging,1,0.26493455090328255
2025-11-19 21:45:00+00:00,2025-11-19 23:15:00+00:00,short,0.649675,0.6548289029272982,0.632,0.613,False,-22.57921602384738,stop_loss,ranging,5,0.4342291371994336
2025-11-20 01:00:00+00:00,2025-11-20 01:30:00+00:00,short,0.6596700000000001,0.6619367289049508,0.6385000000000001,0.618,False,-25.593573396148965,stop_loss,ranging,1,0.07888521492678595
2025-11-20 09:45:00+00:00,2025-11-20 10:15:00+00:00,long,0.6593295,0.6569979325854868,0.665,0.671,False,-25.07109042703496,stop_loss,ranging,1,0.29459483290715327
2025-11-20 12:45:00+00:00,2025-11-20 13:15:00+00:00,short,0.6746625,0.6713379153330689,0.662,0.655,False,15.401835123444064,stop_loss,ranging,1,0.2892398815399808
2025-11-20 16:00:00+00:00,2025-11-20 16:30:00+00:00,long,0.6413205,0.6526083638408094,0.669,0.681,False,18.339511955355064,stop_loss,ranging,1,0.313571415668637
2025-11-24 08:15:00+00:00,2025-11-24 09:00:00+00:00,long,0.552276,0.5494968683877871,0.562,0.572,False,-23.531236966649825,stop_loss,ranging,2,0.2801316330728138
2025-11-24 13:30:00+00:00,2025-11-24 14:00:00+00:00,short,0.5587205000000001,0.558164784903789,0.548,0.54,False,-0.0277024295076639,stop_loss,ranging,1,0.44032461172520004
2025-11-24 15:45:00+00:00,2025-11-24 16:15:00+00:00,short,0.573713,0.5762386149617176,0.5585,0.544,False,-23.831010506062416,stop_loss,ranging,1,0.046867810425298966
2025-11-24 18:00:00+00:00,2025-11-25 23:15:00+00:00,short,0.6066965,0.6076078893790682,0.5760000000000001,0.548,True,133.98508450074982,tp1_then_stop_loss,ranging,116,1.2606160311436203
2025-11-26 05:30:00+00:00,2025-11-26 06:00:00+00:00,short,0.6066965,0.6067836695051569,0.6005,0.596,False,-7.038114123959177,stop_loss,ranging,1,0.11240216251109429
2025-11-26 11:45:00+00:00,2025-11-26 12:15:00+00:00,long,0.5952974999999999,0.5950593469878438,0.6065,0.616,False,-8.58192588784773,stop_loss,ranging,1,0.06270921669270636
2025-11-26 17:15:00+00:00,2025-11-26 17:45:00+00:00,short,0.6046975,0.6008547383316108,0.589,0.58,False,17.164869796587205,stop_loss,ranging,1,0.10813823857302214
2025-11-27 08:45:00+00:00,2025-11-27 09:30:00+00:00,short,0.6126935,0.613628979778334,0.608,0.604,False,-15.56629942064856,stop_loss,ranging,2,0.14775753701928435
2025-11-27 14:45:00+00:00,2025-11-27 15:15:00+00:00,short,0.6246875000000001,0.6229978342452785,0.6145,0.608,False,10.429106633674614,stop_loss,ranging,1,0.26380368098160106
2025-11-28 08:00:00+00:00,2025-11-28 08:30:00+00:00,short,0.6306845000000001,0.6229483379408467,0.617,0.613,False,18.81908949031111,stop_loss,ranging,1,0.19617085023201944
2025-11-28 22:15:00+00:00,2025-11-29 11:15:00+00:00,long,0.6063029999999999,0.6038864725753511,0.614,0.622,True,16.852831968387683,tp1_then_stop_loss,ranging,51,1.6496037417175473
2025-11-29 13:00:00+00:00,2025-11-29 13:30:00+00:00,long,0.6003,0.5986048428869607,0.6054999999999999,0.611,False,-23.88088519152652,stop_loss,ranging,1,0.3269230769230847
2025-11-29 16:30:00+00:00,2025-11-29 17:00:00+00:00,long,0.5912955,0.5923160941222324,0.6014999999999999,0.609,False,4.477662804734673,stop_loss,ranging,1,0.167034151599785
2025-12-07 08:00:00+00:00,2025-12-07 10:00:00+00:00,long,0.4992494999999999,0.4986229163120291,0.504,0.508,True,19.359212284958392,tp1_then_stop_loss,ranging,7,1.2105041574571054
2025-12-07 13:30:00+00:00,2025-12-07 14:00:00+00:00,long,0.4932465,0.4924147163680578,0.4995,0.505,False,-16.777691919002432,stop_loss,ranging,1,0.12049252418645803
2025-12-08 13:45:00+00:00,2025-12-08 15:30:00+00:00,long,0.4852424999999999,0.4849971261297811,0.498,0.509,True,73.65681593177,tp1_then_stop_loss,ranging,6,1.1567705271408966
2025-12-08 18:45:00+00:00,2025-12-08 19:15:00+00:00,long,0.4802399999999999,0.4791986085455031,0.491,0.5,False,-20.328560172930803,stop_loss,ranging,1,0.34944237918216176
2025-12-08 22:15:00+00:00,2025-12-08 22:45:00+00:00,long,0.4782389999999999,0.4759088029312067,0.4845,0.491,False,-25.52824996493863,stop_loss,ranging,1,0.12154607890114333
2025-12-09 01:30:00+00:00,2025-12-09 02:00:00+00:00,long,0.4732364999999999,0.4722264423145227,0.48,0.486,False,-19.678736126246708,stop_loss,ranging,1,-0.034967102831361604
2025-12-09 06:00:00+00:00,2025-12-09 06:30:00+00:00,long,0.4672335,0.4663099746204527,0.473,0.478,False,-18.512703375588742,stop_loss,ranging,1,0.1329229168473094
2025-12-09 12:15:00+00:00,2025-12-09 12:45:00+00:00,short,0.475762,0.4775053009690432,0.4715,0.467,False,-26.18403502344746,stop_loss,ranging,1,-0.05584232754574332
2025-12-09 15:00:00+00:00,2025-12-09 15:30:00+00:00,short,0.485757,0.4850715493574268,0.475,0.467,False,2.508743186770097,stop_loss,ranging,1,-0.022589941433484508
2025-12-09 17:30:00+00:00,2025-12-09 18:00:00+00:00,short,0.5357320000000001,0.5424859822326691,0.507,0.475,False,-21.94813016306457,stop_loss,ranging,1,0.02547682027008435
2025-12-10 06:45:00+00:00,2025-12-10 07:30:00+00:00,long,0.490245,0.4882010935102198,0.495,0.5,False,-24.90710616771141,stop_loss,ranging,2,0.36908517350157793
2025-12-10 09:15:00+00:00,2025-12-10 11:45:00+00:00,long,0.4812404999999999,0.4803037871163812,0.491,0.5,True,48.59813675053601,tp1_then_stop_loss,ranging,9,1.717249859111629
2025-12-10 15:00:00+00:00,2025-12-10 15:30:00+00:00,long,0.4802399999999999,0.4779610540738792,0.489,0.498,False,-24.60832063469599,stop_loss,ranging,1,0.20091324200914093
2025-12-10 17:15:00+00:00,2025-12-10 18:30:00+00:00,short,0.491754,0.4934393130171729,0.4835,0.476,False,-25.97062134242795,stop_loss,ranging,4,0.5759631693724271
2025-12-10 22:00:00+00:00,2025-12-10 22:30:00+00:00,long,0.4792394999999999,0.4783928411197345,0.5075000000000001,0.532,False,-16.452345522326,stop_loss,ranging,1,0.1684506643548444
2025-12-11 00:15:00+00:00,2025-12-11 00:45:00+00:00,long,0.4722359999999999,0.4707005173818018,0.503,0.532,False,-25.07043544149426,stop_loss,ranging,1,-0.0401768300611071
2025-12-11 03:00:00+00:00,2025-12-11 03:30:00+00:00,long,0.450225,0.4482065712899397,0.4695,0.488,False,-23.73328228596517,stop_loss,ranging,1,0.09208819714656434
2025-12-11 12:45:00+00:00,2025-12-11 13:15:00+00:00,short,0.4567715,0.4585692517631518,0.4535,0.45,False,-24.06811020625006,stop_loss,ranging,1,-0.06984563655816034
2025-12-11 18:30:00+00:00,2025-12-11 19:00:00+00:00,short,0.473763,0.4684656020933507,0.4585,0.451,False,17.259418626842567,stop_loss,ranging,1,0.3120618489156802
2025-12-11 21:15:00+00:00,2025-12-11 21:45:00+00:00,short,0.4867565,0.4870109710246175,0.4675,0.451,False,-8.733943084227517,stop_loss,ranging,1,0.09121595305481257
2025-12-12 00:45:00+00:00,2025-12-12 01:15:00+00:00,long,0.462231,0.4615611763788709,0.478,0.492,False,-13.970992977970443,stop_loss,ranging,1,0.1755976916735383
2025-12-13 07:45:00+00:00,2025-12-13 08:15:00+00:00,short,0.4547725,0.4553150333727074,0.4485,0.443,False,-12.42993590049079,stop_loss,ranging,1,0.12315663611000519
2025-12-13 13:00:00+00:00,2025-12-13 13:30:00+00:00,long,0.4492244999999999,0.4487352608979394,0.454,0.458,False,-11.752303532544763,stop_loss,ranging,1,0.3717935294733661
2025-12-14 02:00:00+00:00,2025-12-14 02:45:00+00:00,short,0.4467765,0.4481240439638008,0.444,0.441,False,-22.475193694240417,stop_loss,ranging,2,0.2796686475778891
2025-12-14 03:45:00+00:00,2025-12-14 04:45:00+00:00,long,0.444222,0.4429244003759584,0.4465,0.449,False,-21.652858601915717,stop_loss,ranging,3,0.7805092186128183
2025-12-14 10:00:00+00:00,2025-12-14 10:30:00+00:00,long,0.436218,0.4368052941815978,0.441,0.444,False,1.886313997318886,stop_loss,ranging,1,0.37264742785445476
2025-12-14 14:30:00+00:00,2025-12-14 15:00:00+00:00,long,0.4272134999999999,0.4283754052991483,0.435,0.44,False,9.38984812064625,stop_loss,ranging,1,0.22943556154884226
2025-12-16 19:15:00+00:00,2025-12-16 21:15:00+00:00,long,0.4122059999999999,0.410002733300568,0.4195,0.427,False,-21.899991344563094,stop_loss,ranging,7,0.9314505072662469
2025-12-17 16:15:00+00:00,2025-12-17 16:45:00+00:00,long,0.3891945,0.3920606931914905,0.4085,0.422,False,15.625018818004207,stop_loss,ranging,1,0.1971199917122075
2025-12-17 18:30:00+00:00,2025-12-17 19:00:00+00:00,long,0.382191,0.3811881477505349,0.403,0.422,False,-19.83151619998839,stop_loss,ranging,1,0.03887740881349432
2025-12-19 07:00:00+00:00,2025-12-19 07:30:00+00:00,short,0.395802,0.3937712064189289,0.3795,0.367,False,14.54785654977448,stop_loss,ranging,1,0.17188075082811766
2025-12-19 14:30:00+00:00,2025-12-19 15:00:00+00:00,short,0.3968015,0.3935731033376602,0.389,0.386,False,15.975391884559096,stop_loss,ranging,1,0.8718195218868159
2025-12-21 06:30:00+00:00,2025-12-21 07:00:00+00:00,short,0.397801,0.3988866667037479,0.3955,0.393,False,-20.55065512333796,stop_loss,ranging,1,0.34810951760104175
2025-12-21 10:45:00+00:00,2025-12-21 12:45:00+00:00,long,0.3951975,0.3939273027505828,0.398,0.401,True,4.833133753683867,tp1_then_stop_loss,ranging,7,1.0
2025-12-21 22:45:00+00:00,2025-12-21 23:15:00+00:00,short,0.3928035,0.3902764858799428,0.3855,0.382,False,15.385453531181144,stop_loss,ranging,1,-0.02690490860546147
2025-12-22 06:45:00+00:00,2025-12-22 07:15:00+00:00,short,0.3998,0.4013306599152038,0.3945,0.389,False,-23.163931621635214,stop_loss,ranging,1,0.33962264150942983
2025-12-22 15:00:00+00:00,2025-12-22 15:30:00+00:00,long,0.3931965,0.3923718401859555,0.399,0.404,False,-16.831185409434,stop_loss,ranging,1,0.4830705608684425
2025-12-22 19:45:00+00:00,2025-12-22 20:30:00+00:00,long,0.384192,0.3833085295052177,0.392,0.399,False,-17.763402779645382,stop_loss,ranging,2,0.3596311475409861
2025-12-23 00:15:00+00:00,2025-12-23 00:45:00+00:00,short,0.3928035,0.3932837575625716,0.387,0.382,False,-11.85957861855618,stop_loss,ranging,1,0.13845093478073753
2025-12-23 04:45:00+00:00,2025-12-23 05:45:00+00:00,long,0.3851925,0.3838031059557695,0.3905,0.396,False,-22.54099871550681,stop_loss,ranging,3,0.15214319359397332
2025-12-23 10:45:00+00:00,2025-12-23 13:45:00+00:00,short,0.3888055,0.3900788988159504,0.3855,0.382,True,62.56581267885053,tp1_then_tp2,ranging,11,2.0588413250642823
2025-12-24 01:30:00+00:00,2025-12-24 02:15:00+00:00,long,0.382191,0.3808431071545342,0.3865,0.391,False,-23.16582345524184,stop_loss,ranging,2,0.18774657693200344
2025-12-26 12:30:00+00:00,2025-12-26 13:00:00+00:00,short,0.3908045,0.3920633484464395,0.388,0.385,False,-22.58969778404101,stop_loss,ranging,1,0.28686040292386855
2025-12-26 14:45:00+00:00,2025-12-26 15:15:00+00:00,long,0.3831914999999999,0.3846925783735233,0.3895,0.393,False,13.09580447506863,stop_loss,ranging,1,0.12816041848301296
2025-12-27 01:45:00+00:00,2025-12-27 02:15:00+00:00,short,0.391804,0.3928453166577563,0.389,0.386,False,-19.46984173518065,stop_loss,ranging,1,0.286733238231091
2025-12-27 08:30:00+00:00,2025-12-27 09:45:00+00:00,long,0.390195,0.3891301731462387,0.3935,0.397,False,-19.60817398449429,stop_loss,ranging,4,0.5461422087745839
2025-12-27 15:45:00+00:00,2025-12-27 21:30:00+00:00,short,0.3928035,0.3939298793753774,0.39,0.387,True,5.782154601913056,tp1_then_stop_loss,ranging,22,1.3566969859104676
2025-12-28 04:30:00+00:00,2025-12-28 08:30:00+00:00,long,0.394197,0.3931791174533685,0.397,0.4,True,6.4603024536950215,tp1_then_stop_loss,ranging,15,1.3567606136282557
2025-12-28 11:30:00+00:00,2025-12-28 12:00:00+00:00,long,0.390195,0.3901145970833264,0.3945,0.398,False,-6.579960676418764,stop_loss,ranging,1,0.4192799070847851
2025-12-28 18:15:00+00:00,2025-12-28 19:00:00+00:00,long,0.3891945,0.38790138260407,0.392,0.395,False,-22.5482055824078,stop_loss,ranging,2,0.28711459632864367
2025-12-28 23:45:00+00:00,2025-12-29 00:15:00+00:00,short,0.3908045,0.3910822793118789,0.387,0.384,False,-8.817253428425957,stop_loss,ranging,1,0.21146011302404738
2025-12-29 02:00:00+00:00,2025-12-29 03:45:00+00:00,short,0.3988005,0.4003636934291756,0.392,0.385,False,-21.45698032783194,stop_loss,ranging,6,0.41180795529740294
2026-01-05 14:30:00+00:00,2026-01-05 15:00:00+00:00,short,0.4167915,0.4165586726921141,0.4115,0.408,False,-2.232392724605252,stop_loss,ranging,1,0.3385618444675423
2026-01-05 19:00:00+00:00,2026-01-05 19:30:00+00:00,short,0.435782,0.4352583908195757,0.4215,0.41,False,1.0225858642062229,stop_loss,ranging,1,0.05475423610138664
2026-01-07 07:15:00+00:00,2026-01-07 07:45:00+00:00,short,0.43978,0.4406534326933797,0.4345,0.43,False,-15.110136938711458,stop_loss,ranging,1,0.1477272727272731
2026-01-07 09:30:00+00:00,2026-01-07 12:30:00+00:00,long,0.4312155,0.4288096370893807,0.4405,0.45,False,-19.838766559385267,stop_loss,ranging,11,0.19220205719209615
2026-01-07 14:15:00+00:00,2026-01-07 14:45:00+00:00,long,0.4142069999999999,0.4132290456680911,0.429,0.443,False,-16.636545229885012,stop_loss,ranging,1,0.5268032177381226
2026-01-09 12:00:00+00:00,2026-01-09 12:30:00+00:00,long,0.4002,0.3995160242022136,0.4065,0.412,False,-13.274993529551445,stop_loss,ranging,1,0.28571428571429075
2026-01-09 15:15:00+00:00,2026-01-09 15:45:00+00:00,short,0.4167915,0.4131508140379311,0.4044999999999999,0.398,False,14.3658760806668,stop_loss,ranging,1,0.3084651995281278
2026-01-10 02:30:00+00:00,2026-01-10 03:00:00+00:00,long,0.4052025,0.4048052622504526,0.4095,0.413,False,-9.711335646042873,stop_loss,ranging,1,0.18557300756253986
2026-01-10 07:00:00+00:00,2026-01-10 07:30:00+00:00,short,0.411794,0.4091620208400169,0.405,0.402,False,13.724666003433738,stop_loss,ranging,1,0.41124521636738776
2026-01-10 09:45:00+00:00,2026-01-10 11:00:00+00:00,short,0.413793,0.4140499740792239,0.4075,0.402,False,-7.975142045458012,stop_loss,ranging,4,0.4438264738598481
2026-01-10 12:45:00+00:00,2026-01-10 13:15:00+00:00,short,0.417791,0.4181049247523886,0.4135,0.41,False,-8.574872806516689,stop_loss,ranging,1,0.41738522488930874
2026-01-10 15:15:00+00:00,2026-01-10 16:30:00+00:00,long,0.4112054999999999,0.4099134965697457,0.416,0.421,False,-20.39601622175459,stop_loss,ranging,4,-0.04286161226403383
2026-01-10 19:30:00+00:00,2026-01-10 22:30:00+00:00,short,0.415792,0.415177962584604,0.41,0.406,True,85.10798391347868,tp1_then_tp2,ranging,11,1.6906077348066186
2026-01-11 00:30:00+00:00,2026-01-11 09:30:00+00:00,long,0.4032015,0.4020484356167928,0.4095,0.416,True,114.35249894767703,tp1_then_tp2,ranging,35,2.031991744066051
2026-01-11 13:30:00+00:00,2026-01-11 14:15:00+00:00,long,0.4092044999999999,0.4089484466892154,0.413,0.416,False,-8.78482127923703,stop_loss,ranging,2,0.2095903043077452
2026-01-12 01:00:00+00:00,2026-01-12 01:30:00+00:00,short,0.4107945,0.4111467325574264,0.4024999999999999,0.396,False,-9.995728801212138,stop_loss,ranging,1,0.216348182530594
2026-01-12 03:15:00+00:00,2026-01-12 22:00:00+00:00,short,0.425787,0.4295953730213831,0.4115,0.396,True,100.9236540000901,tp1_then_tp2,ranging,74,2.2248897599216
2026-01-13 13:15:00+00:00,2026-01-13 13:45:00+00:00,short,0.409795,0.4113782590807622,0.4065,0.403,False,-23.73112931696282,stop_loss,ranging,1,-0.062215477996950604
2026-01-21 05:15:00+00:00,2026-01-21 06:00:00+00:00,short,0.335832,0.3371962243040214,0.3305,0.325,False,-23.19668097111568,stop_loss,ranging,2,0.1560390097524379
2026-01-21 10:30:00+00:00,2026-01-21 11:00:00+00:00,long,0.3351675,0.3338394872359724,0.338,0.341,False,-22.992849130349043,stop_loss,ranging,1,-0.05913503971755911
2026-01-21 14:00:00+00:00,2026-01-21 14:30:00+00:00,short,0.3388305,0.3407474606898453,0.332,0.325,False,-21.361287827616888,stop_loss,ranging,1,0.4143913329917245
2026-01-21 17:30:00+00:00,2026-01-21 19:45:00+00:00,long,0.3271635,0.3234667945213578,0.3385,0.351,True,83.63554075867799,tp1_then_tp2,ranging,8,2.36726502888898
2026-01-22 05:45:00+00:00,2026-01-22 07:15:00+00:00,long,0.344172,0.3426474677485189,0.3475,0.351,False,-22.984942004383104,stop_loss,ranging,5,0.5492788461538455
2026-01-22 11:15:00+00:00,2026-01-22 14:00:00+00:00,long,0.338169,0.3368102146324039,0.3419999999999999,0.346,False,-23.362344646513343,stop_loss,ranging,10,0.7389715478987441
2026-01-23 08:30:00+00:00,2026-01-23 09:00:00+00:00,long,0.334167,0.3336899666904185,0.339,0.343,False,-13.320637814092873,stop_loss,ranging,1,0.17235671425616028
2026-01-23 14:30:00+00:00,2026-01-23 15:00:00+00:00,long,0.3291644999999999,0.33063822420142,0.335,0.338,False,14.096090739251174,stop_loss,ranging,1,0.14317539199727275
2026-01-23 16:30:00+00:00,2026-01-23 17:00:00+00:00,short,0.33983,0.3398651359625723,0.3315,0.325,False,-6.061334326902763,stop_loss,ranging,1,0.09963985594237659
2026-01-23 23:15:00+00:00,2026-01-24 00:30:00+00:00,long,0.3351675,0.3334173529086278,0.3415,0.348,False,-21.901717394171413,stop_loss,ranging,4,0.13146466640347593
2026-01-24 09:45:00+00:00,2026-01-24 10:30:00+00:00,long,0.334167,0.3330831445947878,0.3365,0.339,False,-22.93673606288016,stop_loss,ranging,2,0.3570510072867628
2026-01-24 15:30:00+00:00,2026-01-24 16:15:00+00:00,long,0.3331665,0.3319630748118982,0.3355,0.338,False,-22.95872008133708,stop_loss,ranging,2,0.3571887722305665
2026-01-24 22:45:00+00:00,2026-01-24 23:15:00+00:00,short,0.3348325,0.3358837322220032,0.333,0.331,False,-21.8318553024452,stop_loss,ranging,1,-0.09140518417465013
2026-01-25 01:00:00+00:00,2026-01-25 04:00:00+00:00,short,0.337831,0.3390229346156604,0.3345,0.331,True,68.98013802849653,tp1_then_tp2,ranging,11,2.0507355148604116
2026-01-25 09:30:00+00:00,2026-01-25 10:00:00+00:00,short,0.3388305,0.3382515265691366,0.3345,0.332,False,3.842121896081508,stop_loss,ranging,1,0.6536196744024904
2026-01-25 13:15:00+00:00,2026-01-25 14:30:00+00:00,long,0.3311655,0.3296217203756348,0.3365,0.342,False,-21.94338808928388,stop_loss,ranging,4,0.3438935232917818
2026-01-25 16:15:00+00:00,2026-01-25 16:45:00+00:00,long,0.32016,0.3173399024132839,0.3295,0.34,False,-19.873658919952984,stop_loss,ranging,1,0.08993576017130686
2026-01-25 18:30:00+00:00,2026-01-25 19:00:00+00:00,long,0.312156,0.3123245293194313,0.3235,0.333,False,-2.439291999742988,stop_loss,ranging,1,0.16255289139633364
2026-01-26 13:15:00+00:00,2026-01-26 14:00:00+00:00,short,0.329835,0.3301753544325712,0.3245,0.32,False,-10.755460123542298,stop_loss,ranging,2,0.34395501405810364
2026-01-26 23:45:00+00:00,2026-01-27 00:30:00+00:00,long,0.3251625,0.3238333524243498,0.329,0.333,False,-21.80366414652521,stop_loss,ranging,2,0.2182410423452749
2026-01-27 06:15:00+00:00,2026-01-27 06:45:00+00:00,long,0.324162,0.3230429317627106,0.327,0.33,False,-22.311899730309865,stop_loss,ranging,1,0.29527836504580807
2026-01-27 12:30:00+00:00,2026-01-27 13:45:00+00:00,long,0.3211605,0.3201004223342669,0.324,0.327,False,-22.034002920842727,stop_loss,ranging,4,1.0
2026-01-27 15:45:00+00:00,2026-01-27 16:15:00+00:00,short,0.325837,0.3261947611560631,0.322,0.319,False,-10.62111174873399,stop_loss,ranging,1,0.47875944748501104
2026-01-27 20:00:00+00:00,2026-01-27 20:30:00+00:00,short,0.331834,0.3335759506344821,0.3255,0.319,False,-19.96726878550889,stop_loss,ranging,1,0.13167035048942224
2026-01-28 06:45:00+00:00,2026-01-28 12:00:00+00:00,short,0.3388305,0.3402808964132339,0.3355,0.332,True,6.582421854402905,tp1_then_stop_loss,ranging,20,1.1501276084671992
2026-01-28 14:15:00+00:00,2026-01-28 15:15:00+00:00,long,0.334167,0.3336990474615321,0.3395,0.344,False,-11.967701319554756,stop_loss,ranging,3,0.7187324207763
2026-01-28 20:15:00+00:00,2026-01-28 20:45:00+00:00,short,0.3388305,0.3385879770004668,0.3335,0.33,False,-1.4055894548060677,stop_loss,ranging,1,0.9062001688396953
2026-01-29 00:00:00+00:00,2026-01-29 01:00:00+00:00,long,0.3311655,0.3293954179488932,0.3355,0.34,False,-19.566824257039475,stop_loss,ranging,3,0.19252508939901075
2026-01-29 02:45:00+00:00,2026-01-29 03:15:00+00:00,long,0.322161,0.32041337971607,0.3305,0.339,False,-19.289921312278263,stop_loss,ranging,1,0.34044849502338675
2026-02-02 22:15:00+00:00,2026-02-02 23:30:00+00:00,long,0.2561279999999999,0.2548621850304076,0.2595,0.263,False,-19.351463815215386,stop_loss,ranging,4,0.5551601423487669
2026-02-03 02:45:00+00:00,2026-02-03 03:15:00+00:00,long,0.2471235,0.2457655026297819,0.2525,0.258,False,-18.794927181450905,stop_loss,ranging,1,0.34901887845252505
2026-02-04 07:30:00+00:00,2026-02-04 11:15:00+00:00,short,0.255872,0.257222189406502,0.2535,0.251,True,39.0832595061868,tp1_then_tp2,ranging,14,2.0539629005059097
2026-02-04 13:30:00+00:00,2026-02-04 14:00:00+00:00,long,0.250125,0.2489390145710134,0.253,0.256,False,-19.50061523804921,stop_loss,ranging,1,0.30434782608695987
2026-02-04 16:30:00+00:00,2026-02-04 17:00:00+00:00,long,0.2381189999999999,0.2381841936138596,0.2475,0.255,False,-3.468684026150126,stop_loss,ranging,1,0.5203070035177539
2026-02-04 18:30:00+00:00,2026-02-05 04:15:00+00:00,short,0.251874,0.254491055248456,0.2445,0.237,True,65.89219107939465,tp1_then_tp2,ranging,38,2.017087062652565
2026-02-05 10:45:00+00:00,2026-02-05 11:15:00+00:00,long,0.232116,0.2335018233402429,0.2385,0.242,False,13.760753157319678,stop_loss,ranging,1,0.29511278195489105
2026-02-07 16:00:00+00:00,2026-02-07 16:30:00+00:00,short,0.2228885,0.2234069600120531,0.2175,0.213,False,-16.65452970970942,stop_loss,ranging,1,0.536048993226314
2026-02-07 22:15:00+00:00,2026-02-07 23:15:00+00:00,long,0.2191094999999999,0.2179242228690839,0.2225,0.226,False,-19.555003519510088,stop_loss,ranging,3,0.2626456274885925
2026-02-08 02:30:00+00:00,2026-02-08 03:00:00+00:00,long,0.214107,0.2141321209053634,0.2185,0.222,False,-4.321190884612206,stop_loss,ranging,1,0.20327794218074283
2026-02-08 13:30:00+00:00,2026-02-08 15:30:00+00:00,long,0.2111054999999999,0.2098939254632912,0.214,0.217,True,8.459988700359482,tp1_then_stop_loss,ranging,7,1.0
2026-02-08 17:15:00+00:00,2026-02-09 10:30:00+00:00,long,0.2031015,0.2018780639884654,0.2095,0.216,True,31.582259378965475,tp1_then_stop_loss,ranging,68,1.5470032038759087
2026-02-09 16:15:00+00:00,2026-02-09 17:00:00+00:00,short,0.203898,0.2052903195151225,0.2015,0.199,False,-19.13150983628642,stop_loss,ranging,2,0.7914929107589642
2026-02-10 03:15:00+00:00,2026-02-10 03:45:00+00:00,long,0.2011005,0.2009128326677117,0.204,0.206,False,-9.556681276541086,stop_loss,ranging,1,0.3102259010174256
2026-02-10 06:30:00+00:00,2026-02-10 07:00:00+00:00,long,0.198099,0.1979593332596485,0.2025,0.206,False,-8.380251419529415,stop_loss,ranging,1,0.20472619859123145
2026-02-13 04:00:00+00:00,2026-02-13 04:30:00+00:00,long,0.2001,0.1990814720130033,0.2025,0.205,False,-19.496636378936905,stop_loss,ranging,1,0.3750000000000029
2026-02-13 06:15:00+00:00,2026-02-13 15:00:00+00:00,long,0.198099,0.1971411175432828,0.2005,0.203,True,57.8613510666188,tp1_then_tp2,ranging,34,2.457725947521847
2026-02-13 16:30:00+00:00,2026-02-13 17:00:00+00:00,short,0.209895,0.2090562021606419,0.203,0.198,False,12.525208676350386,stop_loss,ranging,1,0.1298042059463392
2026-02-16 20:15:00+00:00,2026-02-16 20:45:00+00:00,short,0.2108945,0.2109822629414147,0.2075,0.205,False,-7.14583638955308,stop_loss,ranging,1,0.2635145087641816
2026-02-17 09:15:00+00:00,2026-02-17 13:15:00+00:00,long,0.210105,0.209244155811445,0.212,0.214,True,5.860452545881922,tp1_then_stop_loss,ranging,15,1.527704485488125
2026-02-17 23:00:00+00:00,2026-02-18 01:15:00+00:00,long,0.2061029999999999,0.2052304879990841,0.209,0.212,False,-20.956984037455527,stop_loss,ranging,8,0.6548153261995276
2026-02-18 02:30:00+00:00,2026-02-18 03:30:00+00:00,short,0.207896,0.2087425641192954,0.2065,0.205,False,-20.67992708026662,stop_loss,ranging,3,0.641833810888254
2026-02-18 06:00:00+00:00,2026-02-18 06:30:00+00:00,short,0.2088955,0.2096603588807659,0.207,0.205,False,-20.873497578828644,stop_loss,ranging,1,0.47243471379583796
2026-02-18 11:00:00+00:00,2026-02-18 11:30:00+00:00,long,0.2081039999999999,0.2072146040553818,0.21,0.212,False,-19.949256250413438,stop_loss,ranging,1,0.4725738396624724
2026-02-18 13:30:00+00:00,2026-02-18 14:00:00+00:00,long,0.2061029999999999,0.2052941603344625,0.209,0.212,False,-20.036000414009408,stop_loss,ranging,1,-0.03555402140141711
2026-02-18 19:15:00+00:00,2026-02-18 19:45:00+00:00,long,0.198099,0.1970722429328198,0.2035,0.209,False,-18.808643263953645,stop_loss,ranging,1,0.16682095908165426
2026-02-20 23:30:00+00:00,2026-02-21 01:45:00+00:00,long,0.196098,0.1951588641982804,0.198,0.2,True,4.566377107422519,tp1_then_stop_loss,ranging,8,1.0
2026-02-21 03:45:00+00:00,2026-02-21 07:15:00+00:00,long,0.194097,0.1932823729653458,0.196,0.198,True,6.7116227222648215,tp1_then_stop_loss,ranging,13,1.0
2026-02-21 08:15:00+00:00,2026-02-21 09:00:00+00:00,short,0.195902,0.1966454690889462,0.1945,0.193,False,-19.851228427360734,stop_loss,ranging,2,0.6433666191155455
2026-02-21 15:00:00+00:00,2026-02-21 16:15:00+00:00,long,0.1950975,0.1942556337250352,0.1975,0.2,False,-19.264235828447585,stop_loss,ranging,4,0.37565036420395415
2026-02-21 20:45:00+00:00,2026-02-21 21:15:00+00:00,long,0.192096,0.1923251764452656,0.1945,0.196,False,0.883081557537942,stop_loss,ranging,1,0.3760399334442635
2026-02-27 02:45:00+00:00,2026-02-27 03:45:00+00:00,short,0.1949025,0.1958142400942439,0.1935,0.192,True,0.8508179207895292,tp1_then_stop_loss,ranging,3,1.3565062388591802
2026-02-27 11:45:00+00:00,2026-02-27 12:45:00+00:00,long,0.192096,0.1910318784681308,0.1965,0.201,False,-18.082932994602228,stop_loss,ranging,3,0.4323342415985487
2026-02-27 14:45:00+00:00,2026-02-27 15:15:00+00:00,long,0.1880939999999999,0.1880113391737125,0.194,0.199,False,-6.538992361310964,stop_loss,ranging,1,0.3227226549272042
2026-02-27 17:15:00+00:00,2026-02-27 22:00:00+00:00,long,0.1850925,0.1840411185250581,0.1895,0.194,False,-17.858397070355824,stop_loss,ranging,18,0.8865570051049348
2026-03-01 15:45:00+00:00,2026-03-01 16:15:00+00:00,long,0.1830915,0.182023865661419,0.186,0.189,False,-17.447244335846406,stop_loss,ranging,1,0.6561801615953248
2026-03-01 19:30:00+00:00,2026-03-01 20:15:00+00:00,long,0.1750874999999999,0.1748361115109219,0.1815,0.187,False,-10.97942928520898,stop_loss,ranging,2,0.2982456140350979
2026-03-06 01:15:00+00:00,2026-03-06 02:15:00+00:00,long,0.1930965,0.1921264273314209,0.1955,0.198,True,52.1063738738926,tp1_then_tp2,ranging,3,2.0401497815685454
2026-03-06 03:45:00+00:00,2026-03-06 08:15:00+00:00,short,0.197901,0.1989398465963889,0.1955,0.193,True,50.29274930645194,tp1_then_tp2,ranging,17,2.0412328196584824
2026-03-06 09:00:00+00:00,2026-03-06 09:30:00+00:00,long,0.192096,0.1920029043942282,0.1955,0.198,False,-6.964802047400962,stop_loss,ranging,1,0.26556991774383404
2026-03-06 11:30:00+00:00,2026-03-06 12:00:00+00:00,long,0.1910955,0.1900896947197001,0.194,0.197,False,-18.66841879149941,stop_loss,ranging,1,0.31141332415217804
2026-03-06 13:45:00+00:00,2026-03-06 14:15:00+00:00,long,0.1880939999999999,0.1869269787241686,0.1915,0.195,False,-17.85442114759645,stop_loss,ranging,1,0.2660011743981426
2026-03-09 02:30:00+00:00,2026-03-09 03:15:00+00:00,short,0.1809095,0.1818395705196814,0.178,0.175,False,-18.17771147865585,stop_loss,ranging,2,0.31259666609383213
2026-03-09 05:30:00+00:00,2026-03-09 06:00:00+00:00,short,0.1849075,0.1838510701602487,0.1805,0.178,False,12.40698042237264,stop_loss,ranging,1,0.20589903573454424
2026-03-09 12:15:00+00:00,2026-03-09 13:15:00+00:00,short,0.1849075,0.1858347536707006,0.1825,0.18,False,-18.183018311405,stop_loss,ranging,3,0.7923156801661478
2026-03-11 04:00:00+00:00,2026-03-11 05:45:00+00:00,long,0.1850925,0.1843032286449233,0.1865,0.188,True,2.348079778038267,tp1_then_stop_loss,ranging,6,1.3552397868561268
2026-03-11 10:15:00+00:00,2026-03-11 11:00:00+00:00,short,0.185907,0.1866223733847135,0.185,0.184,True,-1.8870361820557289,tp1_then_stop_loss,ranging,2,1.0
2026-03-11 23:00:00+00:00,2026-03-12 00:00:00+00:00,long,0.1870935,0.1862497274404027,0.188,0.189,True,-2.846416109269416,tp1_then_stop_loss,ranging,3,1.0
2026-03-12 02:45:00+00:00,2026-03-12 04:00:00+00:00,long,0.1850925,0.1842266180518371,0.187,0.189,True,5.708038701482974,tp1_then_stop_loss,ranging,4,1.0
2026-03-12 07:30:00+00:00,2026-03-12 09:45:00+00:00,short,0.1869065,0.187603437078356,0.1855,0.184,True,3.4174645163549147,tp1_then_stop_loss,ranging,8,1.3554923569143253
2026-03-12 12:00:00+00:00,2026-03-12 14:30:00+00:00,long,0.1850925,0.1843517925063537,0.187,0.189,True,8.07679823797428,tp1_then_stop_loss,ranging,9,1.5242463958060275
2026-03-12 16:30:00+00:00,2026-03-12 19:30:00+00:00,short,0.187906,0.188870597696897,0.186,0.184,True,4.436922831366056,tp1_then_stop_loss,ranging,11,1.5246589716684185
2026-03-13 00:15:00+00:00,2026-03-13 00:45:00+00:00,short,0.1909045,0.1908321421239717,0.188,0.186,False,-2.823618129741642,stop_loss,ranging,1,0.6557066620760891
2026-03-18 06:30:00+00:00,2026-03-18 07:15:00+00:00,long,0.2151074999999999,0.2141043461597188,0.218,0.221,False,-18.36574717094257,stop_loss,ranging,2,0.6542783059637113
2026-03-18 10:30:00+00:00,2026-03-18 11:00:00+00:00,long,0.2111054999999999,0.2132000561635182,0.2165,0.219,False,13.431250358267,stop_loss,ranging,1,0.536565019927713
2026-03-18 13:30:00+00:00,2026-03-18 14:15:00+00:00,long,0.2071034999999999,0.206027775223199,0.2115,0.216,False,-17.975477894792096,stop_loss,ranging,2,0.20391220288867537
2026-03-20 18:30:00+00:00,2026-03-20 19:00:00+00:00,long,0.1930965,0.1932558139942616,0.196,0.198,False,-0.7844237507154577,stop_loss,ranging,1,-0.03323574995694825
2026-03-21 05:00:00+00:00,2026-03-21 05:30:00+00:00,short,0.197901,0.1985849505503142,0.196,0.194,False,-19.217422841206297,stop_loss,ranging,1,-0.05207785376118699
2026-03-24 21:30:00+00:00,2026-03-24 22:00:00+00:00,short,0.197901,0.1987365159951602,0.195,0.192,False,-18.197623718204323,stop_loss,ranging,1,0.3105825577387071
2026-03-25 00:30:00+00:00,2026-03-25 01:00:00+00:00,short,0.1999,0.1997288257974351,0.196,0.193,False,-0.6237719704611748,stop_loss,ranging,1,-0.025641025641030022
2026-03-30 13:00:00+00:00,2026-03-30 14:00:00+00:00,long,0.1710855,0.1703486361759325,0.173,0.175,True,8.22051650076018,tp1_then_stop_loss,ranging,3,1.0
2026-03-30 16:45:00+00:00,2026-03-30 17:15:00+00:00,long,0.168084,0.1682770953681505,0.1709999999999999,0.173,False,0.6484182273272412,stop_loss,ranging,1,0.3141289437585852
2026-03-30 19:00:00+00:00,2026-03-30 19:45:00+00:00,long,0.1650825,0.1642213522152156,0.168,0.171,False,-17.392241160426238,stop_loss,ranging,2,0.3144815766923771
2026-03-31 22:45:00+00:00,2026-03-31 23:45:00+00:00,long,0.164082,0.1634300755722017,0.165,0.166,True,27.731789426653123,tp1_then_tp2,ranging,3,2.0893246187363816
2026-04-01 01:15:00+00:00,2026-04-01 02:45:00+00:00,short,0.1669165,0.1674525604780519,0.1655,0.164,True,52.89861448264577,tp1_then_tp2,ranging,5,2.058948111542545
2026-04-01 05:45:00+00:00,2026-04-01 06:15:00+00:00,short,0.167916,0.1674746829277275,0.1655,0.164,False,7.450788083088176,stop_loss,ranging,1,0.37913907284768195
2026-04-01 12:30:00+00:00,2026-04-01 13:30:00+00:00,short,0.169915,0.1695812660507925,0.1675,0.166,True,32.58683018419078,tp1_then_stop_loss,ranging,3,1.2070393374741202
2026-04-01 17:45:00+00:00,2026-04-01 18:30:00+00:00,long,0.1650825,0.1642574393234685,0.1675,0.17,False,-18.75327339222205,stop_loss,ranging,2,0.3795243019648435
2026-04-01 23:45:00+00:00,2026-04-02 01:15:00+00:00,long,0.1630815,0.1624357608056072,0.1645,0.166,True,5.33593737770345,tp1_then_stop_loss,ranging,5,1.3524850193866722
2026-04-02 03:00:00+00:00,2026-04-02 03:30:00+00:00,long,0.158079,0.1573365533920441,0.1615,0.165,False,-18.791246680744734,stop_loss,ranging,1,-0.31540485238234267
2026-04-04 22:15:00+00:00,2026-04-05 03:00:00+00:00,long,0.152076,0.1514318486135865,0.1535,0.155,True,5.4664395674143895,tp1_then_stop_loss,ranging,18,1.3511235955056162
2026-04-05 07:30:00+00:00,2026-04-05 11:00:00+00:00,long,0.1510754999999999,0.15059877197378,0.152,0.153,True,1.9871867571697484,tp1_then_stop_loss,ranging,13,1.0
2026-04-10 07:00:00+00:00,2026-04-10 08:00:00+00:00,long,0.1630815,0.162381243845931,0.1645,0.166,False,-19.139142756739798,stop_loss,ranging,3,0.6475149806133278
2026-04-10 12:00:00+00:00,2026-04-10 12:30:00+00:00,short,0.163918,0.1645419991012419,0.163,0.162,True,30.569126360718293,tp1_then_tp2,ranging,1,2.0893246187363816
2026-04-10 14:45:00+00:00,2026-04-10 15:15:00+00:00,short,0.1649175,0.1655868817423488,0.1635,0.162,False,-19.33520390714865,stop_loss,ranging,1,-0.05820105820106794
2026-04-10 17:30:00+00:00,2026-04-10 20:15:00+00:00,long,0.1630815,0.1625023475813788,0.165,0.167,True,72.6735022120388,tp1_then_tp2,ranging,10,2.042481105029963
2026-04-10 23:15:00+00:00,2026-04-11 00:45:00+00:00,long,0.164082,0.1634427603868694,0.1655,0.167,False,-20.347665166185063,stop_loss,ranging,5,0.6473906911142457
2026-04-11 03:15:00+00:00,2026-04-11 12:30:00+00:00,short,0.165917,0.1665273268886584,0.164,0.162,True,71.10565096807245,tp1_then_tp2,ranging,36,2.043296817944705
2026-04-11 13:15:00+00:00,2026-04-11 14:15:00+00:00,long,0.162081,0.1615120054405753,0.1635,0.165,True,58.30767638188627,tp1_then_tp2,ranging,3,2.057082452431288
2026-04-11 16:30:00+00:00,2026-04-11 17:00:00+00:00,short,0.165917,0.1655838687872845,0.1635,0.162,False,5.185520727386752,stop_loss,ranging,1,0.3793959453868433
2026-04-11 19:30:00+00:00,2026-04-11 20:00:00+00:00,short,0.167916,0.1686787347150968,0.1655,0.163,False,-21.163949360927745,stop_loss,ranging,1,-0.03476821192053009
2026-04-12 00:00:00+00:00,2026-04-12 00:30:00+00:00,long,0.164082,0.1632335900068678,0.1665,0.169,False,-20.236132538215703,stop_loss,ranging,1,-0.03391232423490431
2026-04-13 13:45:00+00:00,2026-04-13 14:45:00+00:00,short,0.1549225,0.155610814718685,0.154,0.153,True,-0.9197583809977296,tp1_then_stop_loss,ranging,3,1.0
2026-04-13 17:45:00+00:00,2026-04-13 19:45:00+00:00,long,0.1530764999999999,0.1523616629377262,0.155,0.157,True,64.88925914419848,tp1_then_tp2,ranging,7,2.0397712503248724
2026-04-13 21:15:00+00:00,2026-04-13 21:45:00+00:00,short,0.1569215,0.1576748688536023,0.155,0.153,False,-21.043913814534157,stop_loss,ranging,1,0.4795732500650509
2026-04-21 12:00:00+00:00,2026-04-21 12:45:00+00:00,long,0.1793896499999999,0.1788273525666472,0.1805999999999999,0.1819,False,-21.31458636466266,stop_loss,ranging,2,0.33903416367173744
2026-04-21 21:00:00+00:00,2026-04-21 21:30:00+00:00,short,0.1791104,0.1795802308848508,0.1762,0.1735,False,-18.46850994293069,stop_loss,ranging,1,0.03793293018142187
2026-04-21 23:30:00+00:00,2026-04-22 00:00:00+00:00,short,0.18100945,0.1809957251316825,0.17695,0.1735,False,-4.909515124412329,stop_loss,ranging,1,0.002327901563018193
2026-04-22 02:00:00+00:00,2026-04-22 02:30:00+00:00,short,0.18240875,0.1827890684810019,0.1799,0.1775,False,-15.508367412533032,stop_loss,ranging,1,-0.036372695565515506
2026-04-22 04:15:00+00:00,2026-04-22 04:45:00+00:00,short,0.18760615,0.1875065578443583,0.1830999999999999,0.1792,False,-2.3339281184505194,stop_loss,ranging,1,0.02355669473941103
2026-04-23 17:30:00+00:00,2026-04-24 20:00:00+00:00,long,0.17918955,0.1781293529694731,0.1821499999999999,0.1855,True,69.01886012398583,tp1_then_tp2,ranging,105,2.266699319360317
2026-04-24 22:15:00+00:00,2026-04-24 22:45:00+00:00,long,0.1825912499999999,0.1818477006031185,0.18455,0.1867,False,-21.484334661082958,stop_loss,ranging,1,-0.046585832801480334
2026-04-25 02:15:00+00:00,2026-04-25 04:00:00+00:00,short,0.18400795,0.1846589273815803,0.1825999999999999,0.181,False,-22.116913121608896,stop_loss,ranging,6,0.9999999999999212
2026-04-25 07:00:00+00:00,2026-04-25 11:30:00+00:00,long,0.1826913,0.1820860334655197,0.18395,0.1854,True,3.720071223050523,tp1_then_stop_loss,ranging,17,1.3575117184396643
2026-04-25 15:45:00+00:00,2026-04-25 16:15:00+00:00,long,0.17898945,0.1788046248941677,0.18165,0.1841,False,-10.27675005985426,stop_loss,ranging,1,0.19189641239593178
2026-04-27 17:15:00+00:00,2026-04-27 17:45:00+00:00,long,0.1762880999999999,0.1763531769141715,0.18035,0.1837,False,-3.1722700888212856,stop_loss,ranging,1,0.1752628080455151
2026-04-27 22:30:00+00:00,2026-04-27 23:00:00+00:00,short,0.1775112,0.1777321023889718,0.176,0.1747,False,-11.267574256458255,stop_loss,ranging,1,-0.12493382742190756
2026-04-28 01:00:00+00:00,2026-04-28 05:15:00+00:00,short,0.17901045,0.1793010942900967,0.1772,0.1755,True,16.06480502419873,tp1_then_stop_loss,ranging,16,1.1657046590626619
2026-04-28 06:30:00+00:00,2026-04-28 07:00:00+00:00,long,0.1767883499999999,0.1764534724684976,0.1783,0.1797,False,-14.556667126126404,stop_loss,ranging,1,0.2061654483511989
2026-04-28 15:00:00+00:00,2026-04-28 15:30:00+00:00,short,0.1771114,0.1771466685214539,0.17525,0.1739,False,-5.9833184761290905,stop_loss,ranging,1,0.2747394434296721
2026-04-28 18:45:00+00:00,2026-04-28 19:15:00+00:00,short,0.17921035,0.1797230139893848,0.1765499999999999,0.1739,False,-19.20126448481966,stop_loss,ranging,1,0.1166575826488908
2026-04-28 22:00:00+00:00,2026-04-29 01:45:00+00:00,short,0.18060965,0.1812098187374613,0.1785,0.1762,False,-21.49644503598845,stop_loss,ranging,14,0.715592633849211
2026-04-30 04:45:00+00:00,2026-04-30 05:30:00+00:00,long,0.1818908999999999,0.181189492836425,0.18595,0.19,False,-20.34021375387089,stop_loss,ranging,2,0.19932990071692536
2026-04-30 11:30:00+00:00,2026-04-30 12:00:00+00:00,long,0.17958975,0.1791955215945896,0.1818,0.1838,False,-15.528420037746727,stop_loss,ranging,1,0.2760999886890657
2026-04-30 14:45:00+00:00,2026-05-01 02:00:00+00:00,long,0.1767883499999999,0.1758831363613996,0.1797,0.1829,True,75.22882913598508,tp1_then_tp2,ranging,44,2.236412343516518
2026-05-01 03:15:00+00:00,2026-05-01 03:45:00+00:00,short,0.1841079,0.1839480128101532,0.1799,0.1765,False,-0.6507777144573177,stop_loss,ranging,1,-0.045652225575703136
2026-05-01 13:30:00+00:00,2026-05-01 14:00:00+00:00,short,0.1829085,0.1826716218334619,0.1805999999999999,0.179,False,1.4690912635280458,stop_loss,ranging,1,-0.03963612735542141
2026-05-01 20:45:00+00:00,2026-05-01 21:15:00+00:00,long,0.1787893499999999,0.1784377560456135,0.1809,0.1829,False,-14.732897013040535,stop_loss,ranging,1,-0.04233293061374479
2026-05-01 23:00:00+00:00,2026-05-01 23:30:00+00:00,long,0.17698845,0.1773869034190356,0.1802,0.1826,False,6.154761038134403,stop_loss,ranging,1,0.003596394264451444
2026-05-02 11:00:00+00:00,2026-05-02 14:00:00+00:00,long,0.1767883499999999,0.1763393711724904,0.1778,0.1789,True,38.44409179208149,tp1_then_tp2,ranging,11,2.5815746552659617
2026-05-02 16:00:00+00:00,2026-05-02 17:00:00+00:00,short,0.18060965,0.1812481722943832,0.1786499999999999,0.1765,False,-21.645002815979986,stop_loss,ranging,3,0.5152195545122547
2026-05-03 00:00:00+00:00,2026-05-03 00:30:00+00:00,long,0.1779889499999999,0.1775961899973802,0.1794,0.1808,False,-16.00425186453485,stop_loss,ranging,1,0.29130789128668416
2026-05-03 03:00:00+00:00,2026-05-03 05:45:00+00:00,long,0.17518755,0.1747112078154421,0.17775,0.1804,False,-18.630181686535582,stop_loss,ranging,10,0.47316045191125944
2026-05-03 08:00:00+00:00,2026-05-03 08:30:00+00:00,short,0.1765117,0.1767544096415816,0.1755,0.1746,False,-11.6191429542784,stop_loss,ranging,1,0.01156469309084049
2026-05-03 11:30:00+00:00,2026-05-03 12:00:00+00:00,short,0.17781105,0.178215756726422,0.1762,0.1746,False,-16.156313442528326,stop_loss,ranging,1,0.19307284069396147
2026-05-03 13:15:00+00:00,2026-05-03 16:15:00+00:00,long,0.17598795,0.1753885531016428,0.17715,0.1785,False,-20.94781465628637,stop_loss,ranging,11,0.7848629577040569
2026-05-03 21:15:00+00:00,2026-05-03 21:45:00+00:00,long,0.1750874999999999,0.1746469718868208,0.1763,0.1776,False,-16.669343833909544,stop_loss,ranging,1,0.09278350515471162
2026-05-04 02:45:00+00:00,2026-05-04 03:30:00+00:00,short,0.17781105,0.1782587639921474,0.17455,0.1715,False,-16.52130619307941,stop_loss,ranging,2,0.21804326827248696
2026-05-04 05:30:00+00:00,2026-05-04 10:15:00+00:00,short,0.17991,0.1809556866552282,0.17615,0.1719,True,84.39034741373091,tp1_then_tp2,ranging,18,2.2898936170212796
2026-05-04 14:45:00+00:00,2026-05-04 18:45:00+00:00,short,0.1781109,0.1790054348827941,0.17445,0.1707,True,21.850747908055887,tp1_then_stop_loss,ranging,15,1.3960774672894667
2026-05-04 21:45:00+00:00,2026-05-05 08:15:00+00:00,short,0.17941025,0.1802431607823915,0.17745,0.1753,True,7.374783896161068,tp1_then_stop_loss,ranging,41,1.8927432725417699
2026-05-07 21:00:00+00:00,2026-05-08 03:45:00+00:00,long,0.19279635,0.1917245222147127,0.1956999999999999,0.1988,True,65.92813420346471,tp1_then_tp2,ranging,26,2.6530917982540183
2026-05-08 07:45:00+00:00,2026-05-08 08:15:00+00:00,short,0.2054972,0.2053826731190604,0.2001,0.1957,False,-2.2927836148665914,stop_loss,ranging,1,-0.01904691321426187
2026-05-10 15:15:00+00:00,2026-05-10 15:45:00+00:00,short,0.21519235,0.2155108260042252,0.2132,0.2114,False,-12.842245336134336,stop_loss,ranging,1,0.19692825055839222
2026-05-10 17:30:00+00:00,2026-05-10 18:00:00+00:00,short,0.22618685,0.2278833953235832,0.2197,0.2124,False,-19.42053113257673,stop_loss,ranging,1,0.19837825755181765
2026-05-11 07:45:00+00:00,2026-05-11 08:30:00+00:00,short,0.21779105,0.218187779317529,0.2141,0.2108,False,-14.338628593504996,stop_loss,ranging,2,0.2143157096219274
2026-05-11 10:15:00+00:00,2026-05-12 01:45:00+00:00,short,0.2214892,0.2224296112604791,0.21765,0.2138,True,98.62443830477484,tp1_then_tp2,ranging,61,2.185142738070435
2026-05-12 05:30:00+00:00,2026-05-12 06:30:00+00:00,short,0.21939025,0.2202230268572025,0.2163,0.2131,False,-22.46911201192049,stop_loss,ranging,3,0.09392443977025099
2026-05-12 09:15:00+00:00,2026-05-12 10:30:00+00:00,long,0.2151074999999999,0.2146026135928373,0.2181,0.2208,False,-17.611045876886777,stop_loss,ranging,4,0.6324143692564892
2026-05-12 14:15:00+00:00,2026-05-12 14:45:00+00:00,long,0.2078038499999999,0.2090718006555008,0.21355,0.217,False,14.512406141112285,stop_loss,ranging,1,0.06894181321408055
2026-05-12 20:45:00+00:00,2026-05-12 21:15:00+00:00,short,0.21519235,0.2150324450061076,0.20865,0.2031,False,-1.3478961855901306,stop_loss,ranging,1,0.04468577804611442
2026-05-13 01:00:00+00:00,2026-05-13 01:30:00+00:00,short,0.21859065,0.2184856408226627,0.21495,0.2122,False,-2.727305869000212,stop_loss,ranging,1,0.2446403801518943
2026-05-13 03:15:00+00:00,2026-05-13 03:45:00+00:00,short,0.23238375,0.2331820210348656,0.2224,0.2127,False,-22.57790071695672,stop_loss,ranging,1,0.19869788406160047
2026-05-15 05:30:00+00:00,2026-05-15 06:00:00+00:00,long,0.2139068999999999,0.2165335243548129,0.2213999999999999,0.2252,False,15.83316251413868,stop_loss,ranging,1,-0.014266458475118416
2026-05-15 13:00:00+00:00,2026-05-15 13:30:00+00:00,long,0.2115057,0.2112075017814367,0.21455,0.2171,False,-12.580008998620963,stop_loss,ranging,1,0.0966724698617079
2026-05-17 21:15:00+00:00,2026-05-17 21:45:00+00:00,short,0.19340325,0.1933788850696975,0.1909,0.1889,False,-4.531949556818686,stop_loss,ranging,1,-0.03864975531808891
2026-05-17 23:00:00+00:00,2026-05-17 23:30:00+00:00,long,0.18919455,0.1883224373004718,0.19165,0.1944,False,-20.964191576897907,stop_loss,ranging,1,0.04294528497831641
2026-05-19 02:45:00+00:00,2026-05-19 05:30:00+00:00,long,0.1864932,0.1862197637758355,0.18935,0.1919,False,-12.849150245761065,stop_loss,ranging,10,0.9124894987398485
2026-05-19 06:30:00+00:00,2026-05-19 09:30:00+00:00,short,0.1891054,0.1896213161693078,0.1876499999999999,0.1862,True,53.17761612151772,tp1_then_tp2,ranging,11,3.1643534423523927
2026-05-19 10:30:00+00:00,2026-05-19 13:45:00+00:00,long,0.1842921,0.1839541255836683,0.18695,0.1894,True,104.73934444674022,tp1_then_tp2,ranging,12,2.222769855901268
2026-05-19 20:30:00+00:00,2026-05-19 22:15:00+00:00,long,0.1848923999999999,0.1841447316159661,0.18675,0.1888,False,-23.034330556510124,stop_loss,ranging,6,0.32708871662363526
2026-05-20 03:15:00+00:00,2026-05-20 05:15:00+00:00,short,0.18560715,0.1860416794466914,0.1839,0.1823,False,-18.57463148429622,stop_loss,ranging,7,0.5899598746448863
2026-05-20 07:15:00+00:00,2026-05-20 08:45:00+00:00,short,0.1889055,0.1892457863809216,0.18635,0.1839,False,-15.45788091399679,stop_loss,ranging,5,0.4325963607904529
2026-05-20 11:45:00+00:00,2026-05-20 13:00:00+00:00,long,0.1877938499999999,0.1873903064278335,0.1891499999999999,0.1905,True,52.692861667865984,tp1_then_tp2,ranging,4,2.1429414150352883
2026-05-20 14:15:00+00:00,2026-05-20 14:45:00+00:00,short,0.19400295,0.1913465690636964,0.18875,0.1868,False,17.10257916254556,stop_loss,ranging,1,0.0005615892022580758
2026-05-25 08:15:00+00:00,2026-05-25 08:45:00+00:00,short,0.2282858,0.2281148776025821,0.2242,0.2212,False,-1.4001758506123694,stop_loss,ranging,1,-0.027950462577703502
2026-05-27 04:00:00+00:00,2026-05-27 04:30:00+00:00,long,0.2431215,0.2422791852945629,0.24675,0.25,False,-23.9441071297013,stop_loss,ranging,1,0.021634284139454035
2026-05-27 05:15:00+00:00,2026-05-27 05:45:00+00:00,short,0.2504747,0.2514007869757129,0.2445999999999999,0.2392,False,-23.33109497381491,stop_loss,ranging,1,0.5404020630840641
2026-05-27 12:15:00+00:00,2026-05-27 17:15:00+00:00,short,0.2506746,0.2516004851711186,0.2452,0.2401,True,152.13176577389552,tp1_then_tp2,ranging,19,2.004639608373211
2026-05-27 21:15:00+00:00,2026-05-27 21:45:00+00:00,long,0.2375187,0.2365997352880546,0.2415,0.2452,False,-24.701977552532107,stop_loss,ranging,1,0.146007585462037
2026-05-28 03:30:00+00:00,2026-05-28 04:00:00+00:00,long,0.2209103999999999,0.2221033487654397,0.22775,0.2321,False,15.610320538043384,stop_loss,ranging,1,0.13006608573602066
2026-05-29 04:00:00+00:00,2026-05-29 04:30:00+00:00,long,0.2163081,0.2168225199658748,0.2233,0.2285,False,8.073298581089322,stop_loss,ranging,1,0.24198000543485995
2026-05-29 09:00:00+00:00,2026-05-29 09:30:00+00:00,short,0.223888,0.2255121619108475,0.21985,0.2154,False,-22.35183021438939,stop_loss,ranging,1,0.021792966815256175
2026-05-29 11:30:00+00:00,2026-05-29 12:00:00+00:00,long,0.2185092,0.2176275818995717,0.2222,0.2257,False,-24.44282265386971,stop_loss,ranging,1,0.13297929988078752
2026-05-29 14:30:00+00:00,2026-05-29 15:45:00+00:00,long,0.2128063499999999,0.2109885564843851,0.2189,0.2257,True,97.76174595834416,tp1_then_tp2,ranging,4,2.4441262625847946
2026-05-29 17:15:00+00:00,2026-05-29 17:45:00+00:00,short,0.22958515,0.2292446709356388,0.2199,0.2121,False,2.924419785327327,stop_loss,ranging,1,0.02944198076436449
2026-05-29 21:45:00+00:00,2026-05-30 03:45:00+00:00,long,0.2219109,0.2213493623490615,0.22895,0.2352,False,-21.653685498554037,stop_loss,ranging,23,0.45305507806395756
2026-05-30 07:15:00+00:00,2026-05-30 22:45:00+00:00,short,0.22538725,0.226041443950151,0.221,0.2169,True,164.3661270145152,tp1_then_tp2,ranging,61,2.094079434725623
2026-05-30 23:30:00+00:00,2026-05-31 06:00:00+00:00,long,0.21500745,0.2139690632081988,0.2187,0.2227,True,22.77178267934211,tp1_then_stop_loss,ranging,25,1.054163112212429
2026-06-01 12:00:00+00:00,2026-06-01 13:15:00+00:00,long,0.2077038,0.2064193408054756,0.21195,0.2163,False,-25.336787527822548,stop_loss,ranging,4,0.7762705477838997
2026-06-01 16:30:00+00:00,2026-06-01 17:00:00+00:00,short,0.21459265,0.2148125459854594,0.2089,0.2042,False,-13.108369943847617,stop_loss,ranging,1,-0.0012911385734266244
2026-06-02 03:15:00+00:00,2026-06-02 03:45:00+00:00,short,0.2272863,0.2258804681801836,0.21905,0.2137,False,17.989371457792558,stop_loss,ranging,1,0.1683158699901663
2026-06-02 09:45:00+00:00,2026-06-02 14:30:00+00:00,long,0.21520755,0.2135260659225797,0.22135,0.228,True,25.749850504267624,tp1_then_stop_loss,ranging,18,1.724466621624924
2026-06-03 20:30:00+00:00,2026-06-03 21:00:00+00:00,long,0.2089044,0.2085167337054592,0.2161,0.222,False,-18.732713106043597,stop_loss,ranging,1,0.05497804213686474
2026-06-04 00:15:00+00:00,2026-06-04 01:15:00+00:00,long,0.20620305,0.2041760122933144,0.2113999999999999,0.2171,False,-23.87998804706546,stop_loss,ranging,3,0.5381906695273284
2026-06-09 13:30:00+00:00,2026-06-09 14:00:00+00:00,short,0.1867066,0.1877402848738979,0.1847,0.1824,False,-25.34243325340829,stop_loss,ranging,1,0.05312468852786424
2026-06-09 16:00:00+00:00,2026-06-09 16:30:00+00:00,long,0.1798899,0.1793398146899559,0.18545,0.1904,False,-25.79025273246169,stop_loss,ranging,1,0.10972824229780057
2026-06-09 20:30:00+00:00,2026-06-09 21:00:00+00:00,short,0.1851074,0.1862029109333739,0.18105,0.1769,False,-24.49430322023504,stop_loss,ranging,1,0.026470153300144687
2026-06-10 04:15:00+00:00,2026-06-10 04:45:00+00:00,long,0.18399195,0.1829125481110252,0.18705,0.1903,False,-24.2066634142856,stop_loss,ranging,1,-0.03006818070338266
2026-06-10 11:30:00+00:00,2026-06-10 12:45:00+00:00,long,0.17718855,0.1762713947249878,0.1802,0.1832,True,96.38317604581924,tp1_then_tp2,ranging,4,2.427883577678527
2026-06-10 13:30:00+00:00,2026-06-10 14:00:00+00:00,short,0.18580705,0.1855575629738645,0.1804,0.1763,False,2.207661480768492,stop_loss,ranging,1,0.44516880739035064
2026-06-10 18:30:00+00:00,2026-06-10 19:00:00+00:00,long,0.1764881999999999,0.1764667963613922,0.183,0.1884,False,-7.210266040280939,stop_loss,ranging,1,0.0939525169692094
2026-06-10 20:45:00+00:00,2026-06-10 21:15:00+00:00,long,0.17118555,0.1708301303608577,0.17815,0.1845,False,-19.70789201394201,stop_loss,ranging,1,-0.01228381279210701
2026-06-11 00:45:00+00:00,2026-06-11 01:15:00+00:00,short,0.1749125,0.176063960710659,0.1714999999999999,0.1678,False,-24.401725414595838,stop_loss,ranging,1,0.0036630036630031565
2026-06-11 03:45:00+00:00,2026-06-11 04:15:00+00:00,short,0.17921035,0.1776918561213687,0.17315,0.1694,False,18.471425019525874,stop_loss,ranging,1,0.28221967378121754
2026-06-11 08:15:00+00:00,2026-06-11 08:45:00+00:00,short,0.18140925,0.181425797138388,0.1775,0.1742,False,-6.912005244411421,stop_loss,ranging,1,0.13026795421116288
2026-06-11 09:30:00+00:00,2026-06-11 12:30:00+00:00,long,0.1778889,0.1772769235904245,0.17985,0.1818,False,-27.44799221774836,stop_loss,ranging,11,0.8725205241956058
2026-06-11 17:30:00+00:00,2026-06-11 18:00:00+00:00,short,0.17961015,0.1791600849049218,0.1757,0.1731,False,9.392039834894703,stop_loss,ranging,1,0.02817027479764287
2026-06-11 21:00:00+00:00,2026-06-11 21:30:00+00:00,short,0.1845077,0.1838230896395223,0.17795,0.1731,False,15.253517170872014,stop_loss,ranging,1,0.15366668191591568
2026-06-12 06:00:00+00:00,2026-06-12 06:30:00+00:00,long,0.17898945,0.1784201792021932,0.18135,0.1836,False,-26.337726280206045,stop_loss,ranging,1,0.00446929740950117
2026-06-12 09:30:00+00:00,2026-06-12 10:00:00+00:00,short,0.18480755,0.1843220340173485,0.18,0.1764,False,10.140381960723449,stop_loss,ranging,1,0.2511778348639069
2026-06-12 13:30:00+00:00,2026-06-12 14:00:00+00:00,long,0.1776888,0.1784233432628269,0.1835999999999999,0.188,False,15.792245879623303,stop_loss,ranging,1,0.12031398024089997
2026-06-12 20:45:00+00:00,2026-06-12 21:15:00+00:00,long,0.17738865,0.1766299919727563,0.17965,0.182,False,-25.905143695676788,stop_loss,ranging,1,0.005019125743468872
2026-06-12 23:00:00+00:00,2026-06-12 23:30:00+00:00,long,0.1746873,0.1748289162502091,0.1777,0.18,False,-1.181503118815367,stop_loss,ranging,1,0.17017957314037363
2026-06-13 02:00:00+00:00,2026-06-13 03:15:00+00:00,short,0.1777111,0.1784928832241534,0.176,0.174,False,-25.468577001200448,stop_loss,ranging,4,0.3571386827187165
2026-06-13 05:30:00+00:00,2026-06-13 06:00:00+00:00,short,0.1789105,0.1790973286871781,0.1769,0.1752,False,-12.567720005700554,stop_loss,ranging,1,0.3036558070131879
2026-06-13 07:45:00+00:00,2026-06-13 11:15:00+00:00,short,0.18480755,0.1853885862832697,0.18045,0.1762,False,-25.3242024283814,stop_loss,ranging,13,0.9885256623561417
2026-06-13 13:00:00+00:00,2026-06-13 15:15:00+00:00,short,0.18680655,0.1876261892223011,0.1837,0.1805,False,-24.70247652614329,stop_loss,ranging,8,0.8712397997778843
2026-06-17 02:15:00+00:00,2026-06-17 02:45:00+00:00,short,0.2130934,0.2130835751710026,0.21005,0.2078,False,-5.683174744811502,stop_loss,ranging,1,0.49070118945915003
2026-06-17 04:45:00+00:00,2026-06-17 05:15:00+00:00,short,0.2154922,0.2154832943705644,0.21135,0.2081,False,-5.695318439423809,stop_loss,ranging,1,0.5050939114480218
2026-06-17 07:15:00+00:00,2026-06-17 07:45:00+00:00,long,0.2097048,0.2099866892628412,0.21405,0.2172,False,2.033638735156014,stop_loss,ranging,1,0.32108993832275046
2026-06-17 13:30:00+00:00,2026-06-17 15:30:00+00:00,short,0.21099445,0.2118145306531566,0.20785,0.2048,True,22.94438476166387,tp1_then_stop_loss,ranging,7,1.1749113517467271
2026-06-17 19:15:00+00:00,2026-06-17 19:45:00+00:00,long,0.2075036999999999,0.2057870615966683,0.21255,0.2178,False,-22.395166849086397,stop_loss,ranging,1,0.2568812793532071
2026-06-17 22:00:00+00:00,2026-06-17 23:45:00+00:00,long,0.20220105,0.2017795275781241,0.2101,0.2172,False,-18.28490162212824,stop_loss,ranging,6,0.2783851018173302
2026-06-18 02:30:00+00:00,2026-06-18 03:00:00+00:00,short,0.2056971,0.2065003869510387,0.20305,0.2005,False,-24.617782119186977,stop_loss,ranging,1,-0.07664991877904384
2026-06-18 04:00:00+00:00,2026-06-18 04:30:00+00:00,long,0.1990995,0.200380325562059,0.2041,0.2069,False,16.32012535338317,stop_loss,ranging,1,0.22007799220077562
2026-06-18 08:45:00+00:00,2026-06-18 09:15:00+00:00,short,0.2070964,0.2075435824885175,0.20155,0.1963,False,-18.49578008154492,stop_loss,ranging,1,0.01738064330016301
2026-06-18 15:30:00+00:00,2026-06-18 16:00:00+00:00,long,0.2037018,0.2025847017742325,0.21005,0.216,False,-23.00094447330992,stop_loss,ranging,1,0.20449891307772278
2026-06-18 20:00:00+00:00,2026-06-18 20:30:00+00:00,short,0.21899045,0.2164316748093789,0.2074,0.2,False,17.469330568844196,stop_loss,ranging,1,0.016431631213629207
2026-06-26 17:00:00+00:00,2026-06-27 05:00:00+00:00,short,0.2264867,0.2277896347620708,0.21865,0.2108,True,44.58077300395485,tp1_then_stop_loss,ranging,47,1.159505914479309
2026-06-27 09:15:00+00:00,2026-06-27 12:45:00+00:00,long,0.22081035,0.2198154797288554,0.2244,0.2281,True,103.19943962287816,tp1_then_tp2,ranging,13,2.782903625701675
2026-06-27 13:30:00+00:00,2026-06-27 14:00:00+00:00,short,0.2352823,0.236945359439096,0.22775,0.2198,False,-23.69174915150885,stop_loss,ranging,1,0.09058322159234199
2026-06-29 02:00:00+00:00,2026-06-29 13:45:00+00:00,long,0.2279139,0.2260285069124767,0.2322,0.237,True,10.377116195711285,tp1_then_stop_loss,ranging,46,1.9099181073703428
2026-06-29 20:30:00+00:00,2026-06-29 21:30:00+00:00,long,0.22541265,0.2241537573991114,0.22945,0.2338,False,-24.282399228259813,stop_loss,ranging,3,0.2445539772375442
2026-06-29 23:15:00+00:00,2026-06-29 23:45:00+00:00,long,0.21800895,0.2180048765161713,0.225,0.2311,False,-6.222943547435235,stop_loss,ranging,1,0.14175982148604194
2026-06-30 02:00:00+00:00,2026-06-30 02:30:00+00:00,long,0.2123061,0.2122642805689825,0.2193,0.2255,False,-7.289085360397815,stop_loss,ranging,1,0.18500407497962723
2026-06-30 06:15:00+00:00,2026-06-30 06:45:00+00:00,short,0.21699145,0.2168796855623843,0.2139499999999999,0.2118,False,-2.941539478527724,stop_loss,ranging,1,0.3259793848328818
2026-06-30 10:45:00+00:00,2026-06-30 11:15:00+00:00,short,0.22018985,0.2191820099363062,0.216,0.2136,False,15.802080400083424,stop_loss,ranging,1,0.06917908755682918
2026-07-02 03:45:00+00:00,2026-07-02 13:45:00+00:00,short,0.2036981,0.204391213038677,0.1991,0.1947,True,51.1171770436847,tp1_then_stop_loss,ranging,39,1.7829320806420037
2026-07-02 23:45:00+00:00,2026-07-03 00:15:00+00:00,long,0.2049024,0.2032133288107416,0.2102,0.2161,False,-23.38590652780956,stop_loss,ranging,1,0.037299909392931284
2026-07-03 01:30:00+00:00,2026-07-03 02:00:00+00:00,short,0.2120939,0.2135287885439478,0.2067999999999999,0.2012,False,-23.702395041738285,stop_loss,ranging,1,0.0744063922627921
2026-07-03 07:00:00+00:00,2026-07-03 08:15:00+00:00,long,0.2104051499999999,0.2099782761534111,0.21365,0.2164,False,-18.83273163523513,stop_loss,ranging,4,0.460683852874572
2026-07-03 10:45:00+00:00,2026-07-03 11:15:00+00:00,short,0.21359315,0.2137792708858127,0.21045,0.2079,False,-11.351403324740554,stop_loss,ranging,1,0.1568967437125164
2026-07-03 13:30:00+00:00,2026-07-03 14:00:00+00:00,short,0.2156921,0.2158156693992149,0.2114,0.2079,False,-9.486679197279964,stop_loss,ranging,1,0.04475664593089651
2026-07-03 15:30:00+00:00,2026-07-03 16:00:00+00:00,long,0.2105052,0.2098576643244742,0.2146,0.2183,False,-24.74470379632692,stop_loss,ranging,1,0.09641496532187159
2026-07-03 20:30:00+00:00,2026-07-04 00:15:00+00:00,short,0.21479255,0.2159007809152081,0.2119,0.2088,True,11.991205050363355,tp1_then_stop_loss,ranging,14,1.1037147153895335
2026-07-04 01:15:00+00:00,2026-07-04 01:45:00+00:00,long,0.21060525,0.2106677708312427,0.2145,0.2174,False,-4.193034219250347,stop_loss,ranging,1,0.05000320944861504
2026-07-04 06:00:00+00:00,2026-07-04 06:30:00+00:00,short,0.21759115,0.2184843893017033,0.21355,0.2096,False,-24.679818284103312,stop_loss,ranging,1,0.5422095195674477
2026-07-06 18:15:00+00:00,2026-07-06 18:45:00+00:00,short,0.2308845,0.2306937067151656,0.2252,0.2207,False,-1.0173901524090183,stop_loss,ranging,1,0.050048377165976606
2026-07-06 23:15:00+00:00,2026-07-07 02:30:00+00:00,long,0.2290144499999999,0.2279510300942813,0.23335,0.2377,False,-23.98785408051013,stop_loss,ranging,12,0.8270115671598799
2026-07-07 12:00:00+00:00,2026-07-07 12:30:00+00:00,short,0.2304847,0.2286812797660985,0.2252,0.2226,False,16.87914683199127,stop_loss,ranging,1,0.3377107499006582
2026-07-07 14:15:00+00:00,2026-07-07 14:45:00+00:00,long,0.2237118,0.2224483283466229,0.22785,0.2321,False,-22.943509142650697,stop_loss,ranging,1,0.1421390942922067
2026-07-07 21:15:00+00:00,2026-07-07 21:45:00+00:00,long,0.2244121499999999,0.2240327437814704,0.23,0.2348,False,-15.551176089197565,stop_loss,ranging,1,0.15888937605699655
2026-07-08 01:30:00+00:00,2026-07-08 02:00:00+00:00,long,0.2207102999999999,0.220364293361155,0.2252,0.229,False,-14.72087717480763,stop_loss,ranging,1,0.15361828184513604
2026-07-08 06:45:00+00:00,2026-07-08 07:30:00+00:00,short,0.22558715,0.2267865140742068,0.2196,0.2136,False,-22.556093590275456,stop_loss,ranging,2,0.3319024911685851
2026-07-10 07:45:00+00:00,2026-07-10 09:15:00+00:00,long,0.2416207499999999,0.2405903954618544,0.2463,0.2511,False,-23.12894925228373,stop_loss,ranging,5,0.7649195918149337
2026-07-10 10:00:00+00:00,2026-07-10 10:30:00+00:00,short,0.2514742,0.2491261400490928,0.24425,0.2405,False,16.54658755195734,stop_loss,ranging,1,0.09332521248026902
2026-07-10 14:45:00+00:00,2026-07-10 17:45:00+00:00,long,0.23721855,0.2349704632185945,0.2453,0.2543,False,-20.738350535646568,stop_loss,ranging,11,0.72777162514153
2026-07-11 02:00:00+00:00,2026-07-11 02:30:00+00:00,long,0.234117,0.2343891187190706,0.23885,0.2425,False,0.895471750162764,stop_loss,ranging,1,0.3978449186562413
2026-07-11 04:45:00+00:00,2026-07-11 05:15:00+00:00,long,0.2320159499999999,0.2312726156707682,0.23545,0.2388,False,-23.295701911742768,stop_loss,ranging,1,0.1409560140359371
2026-07-11 13:30:00+00:00,2026-07-11 14:00:00+00:00,short,0.23918035,0.2394914553155919,0.23565,0.2327,False,-12.602481830976924,stop_loss,ranging,1,0.4476468338833264
2026-07-11 20:15:00+00:00,2026-07-11 20:45:00+00:00,long,0.23841915,0.2375536506367888,0.24105,0.2436,False,-23.102454624448143,stop_loss,ranging,1,0.03073151262899585
2026-07-11 22:30:00+00:00,2026-07-11 23:00:00+00:00,long,0.2335167,0.232817740143136,0.23795,0.2422,False,-21.42234325754441,stop_loss,ranging,1,-0.0037669456161280794
2026-07-12 08:45:00+00:00,2026-07-12 12:00:00+00:00,short,0.23378305,0.2352596674962173,0.22985,0.2254,False,-20.63186560813745,stop_loss,ranging,12,0.6567549357368982
2026-07-12 13:30:00+00:00,2026-07-12 14:15:00+00:00,long,0.2307152999999999,0.2303355169184258,0.2334,0.2356,False,-13.863107269190714,stop_loss,ranging,2,0.29228591648976887
2026-07-12 16:45:00+00:00,2026-07-12 21:30:00+00:00,short,0.2356821,0.2366226682174858,0.2327,0.2296,True,79.13316493775783,tp1_then_tp2,ranging,18,2.140136145669149
2026-07-13 00:00:00+00:00,2026-07-13 00:45:00+00:00,short,0.23578205,0.236958639020521,0.2314,0.2268,False,-21.77140989822429,stop_loss,ranging,2,0.5207722413025823
2026-07-13 07:15:00+00:00,2026-07-13 08:00:00+00:00,short,0.23758115,0.2389647500342054,0.2321,0.2264,False,-21.15100177783149,stop_loss,ranging,2,0.1972487525428067
2026-07-13 23:45:00+00:00,2026-07-14 00:15:00+00:00,short,0.24317835,0.2424288418522079,0.23765,0.234,False,11.065209078187594,stop_loss,ranging,1,0.4663868966328082
2026-07-14 03:00:00+00:00,2026-07-14 03:30:00+00:00,long,0.23061525,0.2339758609026971,0.23945,0.2438,False,16.57145874071805,stop_loss,ranging,1,0.100144316477548
2026-07-14 07:00:00+00:00,2026-07-14 07:30:00+00:00,short,0.2404797,0.2404446248663005,0.23485,0.2301,False,-4.605373946204372,stop_loss,ranging,1,0.1740234826012047
2026-07-14 12:45:00+00:00,2026-07-14 13:15:00+00:00,short,0.2468765,0.2460504912865902,0.24175,0.2385,False,12.581259552042637,stop_loss,ranging,1,0.6391300107285641
2026-07-14 17:00:00+00:00,2026-07-14 17:45:00+00:00,long,0.2379189,0.2374231205285185,0.24365,0.2487,False,-16.691649679099065,stop_loss,ranging,2,0.18863743434942654
2026-07-14 23:00:00+00:00,2026-07-14 23:30:00+00:00,long,0.23501745,0.2351550424560662,0.2375,0.2391,False,-2.225938583588402,stop_loss,ranging,1,-0.047310225373100714
2026-07-15 01:15:00+00:00,2026-07-15 01:45:00+00:00,short,0.2400799,0.240340276040353,0.2364,0.2334,False,-11.175802937663375,stop_loss,ranging,1,-0.05981140791869345
